{
  "GCN_event_similarity": {
    "model_type": "GCN",
    "graph_name": "event_similarity",
    "test_accuracy": 0.8723404255319149,
    "test_f1": 0.8658068157417009,
    "num_classes": 5,
    "train_losses": [
      28.19671058654785,
      16.025617599487305,
      10.421387672424316,
      8.907360076904297,
      7.350635528564453,
      7.339510917663574,
      6.799064636230469,
      6.132697582244873,
      6.004727363586426,
      5.408077239990234,
      4.623378276824951,
      4.60900354385376,
      3.847775936126709,
      3.8721816539764404,
      3.3908803462982178,
      3.1750288009643555,
      2.821455955505371,
      2.5193073749542236,
      2.0751521587371826,
      1.8080575466156006,
      1.7056283950805664,
      1.6287801265716553,
      1.6356823444366455,
      1.3951655626296997,
      1.4191986322402954,
      1.2977098226547241,
      1.1116456985473633,
      1.0462068319320679,
      0.9904939532279968,
      0.939579963684082,
      0.8503499627113342,
      0.8802545666694641,
      0.7668573260307312,
      0.7751504778862,
      0.7054920792579651,
      0.7135162949562073,
      0.6821569800376892,
      0.6408525705337524,
      0.5936908721923828,
      0.5994930863380432,
      0.570597767829895,
      0.5209875106811523,
      0.536639392375946,
      0.5328154563903809,
      0.489022433757782,
      0.4872886538505554,
      0.48809972405433655,
      0.45146265625953674,
      0.45777857303619385,
      0.4475325047969818,
      0.45520874857902527,
      0.4192768335342407,
      0.4209981858730316,
      0.4253561496734619,
      0.4033796489238739,
      0.3988041281700134,
      0.3822365999221802,
      0.3748943507671356,
      0.3752102553844452,
      0.3783554136753082,
      0.3752712309360504,
      0.36638936400413513,
      0.36987605690956116,
      0.36763691902160645,
      0.3939470052719116,
      0.37482354044914246,
      0.36164185404777527,
      0.3573443293571472,
      0.3653837740421295,
      0.3734704554080963,
      0.3625659644603729,
      0.37360528111457825,
      0.3616812229156494,
      0.3596549928188324,
      0.3509402573108673,
      0.36339259147644043,
      0.35753655433654785,
      0.35550644993782043,
      0.35827159881591797,
      0.3568744361400604,
      0.35008296370506287,
      0.35254454612731934,
      0.3569987714290619,
      0.34837648272514343,
      0.35428205132484436,
      0.34584593772888184,
      0.349089115858078,
      0.34500014781951904,
      0.35192203521728516,
      0.3426041007041931,
      0.34890007972717285,
      0.34473100304603577,
      0.3523528575897217,
      0.34950676560401917,
      0.34394535422325134,
      0.34219011664390564,
      0.33476170897483826,
      0.33988428115844727,
      0.3433409333229065,
      0.3435220718383789,
      0.3299400210380554,
      0.33665013313293457,
      0.33972328901290894,
      0.3370593190193176,
      0.3363969624042511,
      0.32810577750205994,
      0.33622172474861145,
      0.33192723989486694,
      0.3353177011013031,
      0.3427373468875885,
      0.3317963778972626,
      0.3324470818042755,
      0.33118295669555664,
      0.3344060182571411,
      0.3296602964401245,
      0.33205658197402954,
      0.3336580693721771,
      0.33122992515563965,
      0.32758694887161255,
      0.34018051624298096,
      0.3311997354030609,
      0.33488982915878296,
      0.3166445791721344,
      0.3263216018676758,
      0.32456716895103455,
      0.32822108268737793,
      0.32809996604919434,
      0.3321506083011627,
      0.31959831714630127,
      0.3263176679611206,
      0.3222605288028717,
      0.3296709954738617,
      0.3285268247127533,
      0.3328944444656372,
      0.32873091101646423,
      0.3265722692012787,
      0.31967809796333313,
      0.324251264333725,
      0.32522204518318176,
      0.32246214151382446,
      0.3266681134700775,
      0.33061879873275757,
      0.32167521119117737,
      0.3208957612514496,
      0.3201879858970642,
      0.3282453715801239,
      0.3319028317928314,
      0.3158871531486511,
      0.32657262682914734,
      0.3367834687232971,
      0.3152978718280792,
      0.3280845582485199,
      0.3215983211994171,
      0.32960638403892517,
      0.32536303997039795,
      0.319686621427536,
      0.3193354606628418,
      0.3129030764102936,
      0.3199232518672943,
      0.32048219442367554,
      0.31160658597946167,
      0.3211135268211365,
      0.3158195912837982,
      0.31590160727500916,
      0.3165338933467865,
      0.32555678486824036,
      0.3104996979236603,
      0.3112063407897949,
      0.3096090853214264,
      0.3153458535671234,
      0.3144941031932831,
      0.30707019567489624,
      0.31300491094589233,
      0.31334391236305237,
      0.3215659558773041,
      0.3036132752895355,
      0.3124082088470459,
      0.31144919991493225,
      0.3094479739665985,
      0.31343159079551697,
      0.3128161132335663,
      0.30998241901397705,
      0.3261638879776001,
      0.31708550453186035,
      0.3142416477203369,
      0.3069271445274353,
      0.3197742700576782,
      0.31385859847068787,
      0.3144068419933319,
      0.3163297474384308,
      0.3088115453720093,
      0.3072988986968994,
      0.31934136152267456,
      0.31138676404953003,
      0.31351953744888306,
      0.3174511790275574,
      0.3217840790748596,
      0.3097347319126129,
      0.30381110310554504,
      0.30984124541282654
    ],
    "val_accuracies": [
      0.06149732620320856,
      0.786096256684492,
      0.8342245989304813,
      0.8449197860962567,
      0.839572192513369,
      0.8529411764705882,
      0.8663101604278075,
      0.8663101604278075,
      0.8689839572192514,
      0.8716577540106952
    ]
  },
  "GAT_event_similarity": {
    "model_type": "GAT",
    "graph_name": "event_similarity",
    "test_accuracy": 0.8404255319148937,
    "test_f1": 0.8219597652866513,
    "num_classes": 5,